sweep,degree,procs,avg_serial,avg_mpi_send,avg_mpi_compute,avg_mpi_receive,avg_mpi_total,avg_mpi_speedup,avg_pthreads,avg_pthreads_speedup
degree,10000,4,0.076452,0.000280,0.028905,0.000332,0.029517,2.692500,0.031566,2.445000
degree,50000,4,1.576484,0.000896,0.435968,0.000814,0.437677,3.607500,0.648896,2.432500
degree,100000,4,6.300240,0.001059,1.710987,0.001688,1.713734,3.677500,2.504272,2.515000
degree,200000,4,25.263534,0.002262,12.995729,0.003171,13.001161,1.945000,9.961272,2.540000
procs,100000,1,5.784840,0.000526,5.798153,0.000767,5.799446,1.000000,5.097073,1.137500
procs,100000,2,5.971172,0.000750,3.003675,0.000855,3.005279,1.985000,5.245421,1.140000
procs,100000,4,6.296237,0.000879,1.661655,0.001621,1.664154,3.785000,2.503730,2.517500
procs,100000,8,12.606605,0.012189,1.731386,0.004627,1.748202,7.212500,2.738555,4.605000
